PDF URL,PDF Filename,TXT Filename
https://math.mosolymp.ru/upload/files/2025/khamovniki/11/2024-09-19-combismth-11-1.pdf,2024-09-19-combismth-11-1.pdf,2024-09-19-combismth-11-1.txt
https://math.mosolymp.ru/upload/files/2025/khamovniki/11/2024-09-19-combismth-11-2.pdf,2024-09-19-combismth-11-2.pdf,2024-09-19-combismth-11-2.txt
https://math.mosolymp.ru/upload/files/2025/khamovniki/11/2024-09-23-func-NT-11-1.pdf,2024-09-23-func-NT-11-1.pdf,2024-09-23-func-NT-11-1.txt
https://math.mosolymp.ru/upload/files/2025/khamovniki/11/2024-09-23-func-NT-11-2.pdf,2024-09-23-func-NT-11-2.pdf,2024-09-23-func-NT-11-2.txt
https://math.mosolymp.ru/upload/files/2025/khamovniki/11/2024-09-26-groops.pdf,2024-09-26-groops.pdf,2024-09-26-groops.txt
https://math.mosolymp.ru/upload/files/2025/khamovniki/11/2024-09-26-wandering.pdf,2024-09-26-wandering.pdf,2024-09-26-wandering.txt
https://math.mosolymp.ru/upload/files/2025/khamovniki/11/2024-09-30-smt.pdf,2024-09-30-smt.pdf,2024-09-30-smt.txt
https://math.mosolymp.ru/upload/files/2025/khamovniki/11/2024-10-03-inf-prob-11-1.pdf,2024-10-03-inf-prob-11-1.pdf,2024-10-03-inf-prob-11-1.txt
https://math.mosolymp.ru/upload/files/2025/khamovniki/11/2024-10-03-inf-prob-11-2.pdf,2024-10-03-inf-prob-11-2.pdf,2024-10-03-inf-prob-11-2.txt
https://math.mosolymp.ru/upload/files/2025/khamovniki/11/2024-10-10-combi-UMT-11-1.pdf,2024-10-10-combi-UMT-11-1.pdf,2024-10-10-combi-UMT-11-1.txt
https://math.mosolymp.ru/upload/files/2025/khamovniki/11/2024-10-10-combi-UMT-11-2.pdf,2024-10-10-combi-UMT-11-2.pdf,2024-10-10-combi-UMT-11-2.txt
https://math.mosolymp.ru/upload/files/2025/khamovniki/11/2024-10-14-cont-frac-11-1.pdf,2024-10-14-cont-frac-11-1.pdf,2024-10-14-cont-frac-11-1.txt
https://math.mosolymp.ru/upload/files/2025/khamovniki/11/2024-10-14-cont-frac-11-2.pdf,2024-10-14-cont-frac-11-2.pdf,2024-10-14-cont-frac-11-2.txt
https://math.mosolymp.ru/upload/files/2025/khamovniki/11/2024-10-17-rat-irrat.pdf,2024-10-17-rat-irrat.pdf,2024-10-17-rat-irrat.txt
https://math.mosolymp.ru/upload/files/2025/khamovniki/11/2024-10-24-add.pdf,2024-10-24-add.pdf,2024-10-24-add.txt
https://math.mosolymp.ru/upload/files/2025/khamovniki/11/2024-10-24-lat-sq.pdf,2024-10-24-lat-sq.pdf,2024-10-24-lat-sq.txt
https://math.mosolymp.ru/upload/files/2025/khamovniki/11/2024-10-28-graphs-11-1.pdf,2024-10-28-graphs-11-1.pdf,2024-10-28-graphs-11-1.txt
https://math.mosolymp.ru/upload/files/2025/khamovniki/11/2024-10-28-graphs-11-2.pdf,2024-10-28-graphs-11-2.pdf,2024-10-28-graphs-11-2.txt
https://math.mosolymp.ru/upload/files/2025/khamovniki/11/2024-11-07-trig.pdf,2024-11-07-trig.pdf,2024-11-07-trig.txt
https://math.mosolymp.ru/upload/files/2025/khamovniki/11/2024-11-11-stereo.pdf,2024-11-11-stereo.pdf,2024-11-11-stereo.txt
https://math.mosolymp.ru/upload/files/2025/khamovniki/11/2024-11-14-fields.pdf,2024-11-14-fields.pdf,2024-11-14-fields.txt
https://math.mosolymp.ru/upload/files/2025/khamovniki/11/2024-11-18-prob.pdf,2024-11-18-prob.pdf,2024-11-18-prob.txt
https://math.mosolymp.ru/upload/files/2025/khamovniki/11/2024-11-18-variation.pdf,2024-11-18-variation.pdf,2024-11-18-variation.txt
https://math.mosolymp.ru/upload/files/2025/khamovniki/11/2024-11-21-alg-smth-11-1.pdf,2024-11-21-alg-smth-11-1.pdf,2024-11-21-alg-smth-11-1.txt
https://math.mosolymp.ru/upload/files/2025/khamovniki/11/2024-11-21-alg-smth-11-2.pdf,2024-11-21-alg-smth-11-2.pdf,2024-11-21-alg-smth-11-2.txt
https://math.mosolymp.ru/upload/files/2025/khamovniki/11/2024-11-25-geom-smth.pdf,2024-11-25-geom-smth.pdf,2024-11-25-geom-smth.txt
https://math.mosolymp.ru/upload/files/2025/khamovniki/11/2024-11-28-seq-smth.pdf,2024-11-28-seq-smth.pdf,2024-11-28-seq-smth.txt
https://math.mosolymp.ru/upload/files/2025/khamovniki/11/2024-12-02-geom-kolm.pdf,2024-12-02-geom-kolm.pdf,2024-12-02-geom-kolm.txt
https://math.mosolymp.ru/upload/files/2025/khamovniki/11/2024-12-05-training-olymp.pdf,2024-12-05-training-olymp.pdf,2024-12-05-training-olymp.txt
https://math.mosolymp.ru/upload/files/2025/khamovniki/11/2024-12-09-geom-smth.pdf,2024-12-09-geom-smth.pdf,2024-12-09-geom-smth.txt
https://math.mosolymp.ru/upload/files/2025/khamovniki/11/2024-12-16-Dehn.pdf,2024-12-16-Dehn.pdf,2024-12-16-Dehn.txt
https://math.mosolymp.ru/upload/files/2025/khamovniki/11/2024-12-19-smth.pdf,2024-12-19-smth.pdf,2024-12-19-smth.txt
https://math.mosolymp.ru/upload/files/2025/khamovniki/11/2025-01-13-alg-smth.pdf,2025-01-13-alg-smth.pdf,2025-01-13-alg-smth.txt
https://math.mosolymp.ru/upload/files/2025/khamovniki/11/2025-01-16-training-ol.pdf,2025-01-16-training-ol.pdf,2025-01-16-training-ol.txt
https://math.mosolymp.ru/upload/files/2025/khamovniki/11/2025-01-20-poisk.pdf,2025-01-20-poisk.pdf,2025-01-20-poisk.txt
https://math.mosolymp.ru/upload/files/2025/khamovniki/11/2025-01-23-training-ol.pdf,2025-01-23-training-ol.pdf,2025-01-23-training-ol.txt
https://math.mosolymp.ru/upload/files/2025/khamovniki/11/2025-01-27-combismth.pdf,2025-01-27-combismth.pdf,2025-01-27-combismth.txt
https://math.mosolymp.ru/upload/files/2025/khamovniki/11/2025-02-10-stereo.pdf,2025-02-10-stereo.pdf,2025-02-10-stereo.txt
https://math.mosolymp.ru/upload/files/2025/khamovniki/11/2025-02-13-combigeom.pdf,2025-02-13-combigeom.pdf,2025-02-13-combigeom.txt
https://math.mosolymp.ru/upload/files/2025/khamovniki/11/2025-02-17-roots.pdf,2025-02-17-roots.pdf,2025-02-17-roots.txt
https://math.mosolymp.ru/upload/files/2025/khamovniki/11/2025-02-20-natural-11-1.pdf,2025-02-20-natural-11-1.pdf,2025-02-20-natural-11-1.txt
https://math.mosolymp.ru/upload/files/2025/khamovniki/11/2025-02-20-natural-11-2.pdf,2025-02-20-natural-11-2.pdf,2025-02-20-natural-11-2.txt
https://math.mosolymp.ru/upload/files/2025/khamovniki/11/2025-02-24-fuel-11-1.pdf,2025-02-24-fuel-11-1.pdf,2025-02-24-fuel-11-1.txt
https://math.mosolymp.ru/upload/files/2025/khamovniki/11/2025-02-24-fuel-11-2.pdf,2025-02-24-fuel-11-2.pdf,2025-02-24-fuel-11-2.txt
https://math.mosolymp.ru/upload/files/2025/khamovniki/11/2025-03-03-geom.pdf,2025-03-03-geom.pdf,2025-03-03-geom.txt
https://math.mosolymp.ru/upload/files/2025/khamovniki/11/2025-03-06-geom-prob-11-1.pdf,2025-03-06-geom-prob-11-1.pdf,2025-03-06-geom-prob-11-1.txt
https://math.mosolymp.ru/upload/files/2025/khamovniki/11/2025-03-06-geom-prob-11-2.pdf,2025-03-06-geom-prob-11-2.pdf,2025-03-06-geom-prob-11-2.txt
https://math.mosolymp.ru/upload/files/2025/khamovniki/11/2025-03-10-training-MMO.pdf,2025-03-10-training-MMO.pdf,2025-03-10-training-MMO.txt
https://math.mosolymp.ru/upload/files/2025/khamovniki/11/2025-03-13-konstr-tch-11-1.pdf,2025-03-13-konstr-tch-11-1.pdf,2025-03-13-konstr-tch-11-1.txt
https://math.mosolymp.ru/upload/files/2025/khamovniki/11/2025-03-13-konstr-tch-11-2.pdf,2025-03-13-konstr-tch-11-2.pdf,2025-03-13-konstr-tch-11-2.txt
https://math.mosolymp.ru/upload/files/2025/khamovniki/11/2025-03-17-kletki.pdf,2025-03-17-kletki.pdf,2025-03-17-kletki.txt
https://math.mosolymp.ru/upload/files/2025/khamovniki/11/2025-03-20-EKR.pdf,2025-03-20-EKR.pdf,2025-03-20-EKR.txt
https://math.mosolymp.ru/upload/files/2025/khamovniki/11/2025-03-27-combismth.pdf,2025-03-27-combismth.pdf,2025-03-27-combismth.txt
https://math.mosolymp.ru/upload/files/2025/khamovniki/11/2025-03-31-stereo.pdf,2025-03-31-stereo.pdf,2025-03-31-stereo.txt
https://math.mosolymp.ru/upload/files/2025/khamovniki/11/2025-04-07-polynomials.pdf,2025-04-07-polynomials.pdf,2025-04-07-polynomials.txt
https://math.mosolymp.ru/upload/files/2025/khamovniki/10/2024-09-19-g1-directions.pdf,2024-09-19-g1-directions.pdf,2024-09-19-g1-directions.txt
https://math.mosolymp.ru/upload/files/2025/khamovniki/10/2024-09-19-g2-hamiltonian-paths.pdf,2024-09-19-g2-hamiltonian-paths.pdf,2024-09-19-g2-hamiltonian-paths.txt
https://math.mosolymp.ru/upload/files/2025/khamovniki/10/2024-09-23-g1-Polynomials-with-integer-values.pdf,2024-09-23-g1-Polynomials-with-integer-values.pdf,2024-09-23-g1-Polynomials-with-integer-values.txt
https://math.mosolymp.ru/upload/files/2025/khamovniki/10/2024-09-23-g2-Pascal-theorem.pdf,2024-09-23-g2-Pascal-theorem.pdf,2024-09-23-g2-Pascal-theorem.txt
https://math.mosolymp.ru/upload/files/2025/khamovniki/10/2024-09-26-g1-tangent-segments.pdf,2024-09-26-g1-tangent-segments.pdf,2024-09-26-g1-tangent-segments.txt
https://math.mosolymp.ru/upload/files/2025/khamovniki/10/2024-09-26-g2-Pascal-theorem-more.pdf,2024-09-26-g2-Pascal-theorem-more.pdf,2024-09-26-g2-Pascal-theorem-more.txt
https://math.mosolymp.ru/upload/files/2025/khamovniki/10/2024-09-30-g1-POS.pdf,2024-09-30-g1-POS.pdf,2024-09-30-g1-POS.txt
https://math.mosolymp.ru/upload/files/2025/khamovniki/10/2024-09-30-g2-polynomial-over-Zp-new.pdf,2024-09-30-g2-polynomial-over-Zp-new.pdf,2024-09-30-g2-polynomial-over-Zp-new.txt
https://math.mosolymp.ru/upload/files/2025/khamovniki/10/2024-10-03-g1-directions+.pdf,2024-10-03-g1-directions+.pdf,2024-10-03-g1-directions+.txt
https://math.mosolymp.ru/upload/files/2025/khamovniki/10/2024-10-07-g1-Helly.pdf,2024-10-07-g1-Helly.pdf,2024-10-07-g1-Helly.txt
https://math.mosolymp.ru/upload/files/2025/khamovniki/10/2024-10-07-g2-combigeom.pdf,2024-10-07-g2-combigeom.pdf,2024-10-07-g2-combigeom.txt
https://math.mosolymp.ru/upload/files/2025/khamovniki/10/2024-10-07-g2-combigeom-dop.pdf,2024-10-07-g2-combigeom-dop.pdf,2024-10-07-g2-combigeom-dop.txt
https://math.mosolymp.ru/upload/files/2025/khamovniki/10/2024-10-10-g1-tch.pdf,2024-10-10-g1-tch.pdf,2024-10-10-g1-tch.txt
https://math.mosolymp.ru/upload/files/2025/khamovniki/10/2024-10-10-g2-4-lomanny.pdf,2024-10-10-g2-4-lomanny.pdf,2024-10-10-g2-4-lomanny.txt
https://math.mosolymp.ru/upload/files/2025/khamovniki/10/2024-10-17-g1-linear-functions.pdf,2024-10-17-g1-linear-functions.pdf,2024-10-17-g1-linear-functions.txt
https://math.mosolymp.ru/upload/files/2025/khamovniki/10/2024-10-17-g2-kvadrovichets.pdf,2024-10-17-g2-kvadrovichets.pdf,2024-10-17-g2-kvadrovichets.txt
https://math.mosolymp.ru/upload/files/2025/khamovniki/10/2024-10-17-g2-kvadrovichets-dop.pdf,2024-10-17-g2-kvadrovichets-dop.pdf,2024-10-17-g2-kvadrovichets-dop.txt
https://math.mosolymp.ru/upload/files/2025/khamovniki/10/2024-10-21-otbor.pdf,2024-10-21-otbor.pdf,2024-10-21-otbor.txt
https://math.mosolymp.ru/upload/files/2025/khamovniki/10/2024-10-21-otbor-solutions.pdf,2024-10-21-otbor-solutions.pdf,2024-10-21-otbor-solutions.txt
https://math.mosolymp.ru/upload/files/2025/khamovniki/10/2024-10-24-g2-coloring-graphs.pdf,2024-10-24-g2-coloring-graphs.pdf,2024-10-24-g2-coloring-graphs.txt
https://math.mosolymp.ru/upload/files/2025/khamovniki/10/2024-10-28-g1-graph-coloring.pdf,2024-10-28-g1-graph-coloring.pdf,2024-10-28-g1-graph-coloring.txt
https://math.mosolymp.ru/upload/files/2025/khamovniki/10/2024-10-28-g2-neprerivnost.pdf,2024-10-28-g2-neprerivnost.pdf,2024-10-28-g2-neprerivnost.txt
https://math.mosolymp.ru/upload/files/2025/khamovniki/10/2024-11-07-g2-dvoti.pdf,2024-11-07-g2-dvoti.pdf,2024-11-07-g2-dvoti.txt
https://math.mosolymp.ru/upload/files/2025/khamovniki/10/2024-11-sbori.pdf,2024-11-sbori.pdf,2024-11-sbori.txt
https://math.mosolymp.ru/upload/files/2025/khamovniki/10/2024-11-11-g2-Murhed.pdf,2024-11-11-g2-Murhed.pdf,2024-11-11-g2-Murhed.txt
https://math.mosolymp.ru/upload/files/2025/khamovniki/10/2024-11-14-g2-Turan.pdf,2024-11-14-g2-Turan.pdf,2024-11-14-g2-Turan.txt
https://math.mosolymp.ru/upload/files/2025/khamovniki/10/2024-11-21-training-olympiad.pdf,2024-11-21-training-olympiad.pdf,2024-11-21-training-olympiad.txt
https://math.mosolymp.ru/upload/files/2025/khamovniki/10/2024-11-21-training-olympiad.pdf,2024-11-21-training-olympiad.pdf,2024-11-21-training-olympiad.txt
https://math.mosolymp.ru/upload/files/2025/khamovniki/10/2024-11-25-g1-Shperner.pdf,2024-11-25-g1-Shperner.pdf,2024-11-25-g1-Shperner.txt
https://math.mosolymp.ru/upload/files/2025/khamovniki/10/2024-11-25-g2-comboraznoboy.pdf,2024-11-25-g2-comboraznoboy.pdf,2024-11-25-g2-comboraznoboy.txt
https://math.mosolymp.ru/upload/files/2025/khamovniki/10/2024-11-28-g1-2kvadrovichet.pdf,2024-11-28-g1-2kvadrovichet.pdf,2024-11-28-g1-2kvadrovichet.txt
https://math.mosolymp.ru/upload/files/2025/khamovniki/10/2024-11-28-g2-geomraznoboy.pdf,2024-11-28-g2-geomraznoboy.pdf,2024-11-28-g2-geomraznoboy.txt
https://math.mosolymp.ru/upload/files/2025/khamovniki/10/2024-12-05-g1-gauss.pdf,2024-12-05-g1-gauss.pdf,2024-12-05-g1-gauss.txt
https://math.mosolymp.ru/upload/files/2025/khamovniki/10/2024-12-05-g2-tch-raznoboy.pdf,2024-12-05-g2-tch-raznoboy.pdf,2024-12-05-g2-tch-raznoboy.txt
https://math.mosolymp.ru/upload/files/2025/khamovniki/10/2024-12-09-g2-tch-raznboy-dop.pdf,2024-12-09-g2-tch-raznboy-dop.pdf,2024-12-09-g2-tch-raznboy-dop.txt
https://math.mosolymp.ru/upload/files/2025/khamovniki/10/2024-12-09-g1-podvoh.pdf,2024-12-09-g1-podvoh.pdf,2024-12-09-g1-podvoh.txt
https://math.mosolymp.ru/upload/files/2025/khamovniki/10/2024-12-09-g2-usrednim.pdf,2024-12-09-g2-usrednim.pdf,2024-12-09-g2-usrednim.txt
https://math.mosolymp.ru/upload/files/2025/khamovniki/10/2024-12-12-g1-Podobie.pdf,2024-12-12-g1-Podobie.pdf,2024-12-12-g1-Podobie.txt
https://math.mosolymp.ru/upload/files/2025/khamovniki/10/2024-12-16-g2-point-as-a-circle.pdf,2024-12-16-g2-point-as-a-circle.pdf,2024-12-16-g2-point-as-a-circle.txt
https://math.mosolymp.ru/upload/files/2025/khamovniki/10/2024-12-19-g2-Polynoms-and-nepreriv.pdf,2024-12-19-g2-Polynoms-and-nepreriv.pdf,2024-12-19-g2-Polynoms-and-nepreriv.txt
https://math.mosolymp.ru/upload/files/2025/khamovniki/10/2024-12-23-training-olympiad.pdf,2024-12-23-training-olympiad.pdf,2024-12-23-training-olympiad.txt
https://math.mosolymp.ru/upload/files/2025/khamovniki/10/2024-12-23-training-olympiad.pdf,2024-12-23-training-olympiad.pdf,2024-12-23-training-olympiad.txt
https://math.mosolymp.ru/upload/files/2025/khamovniki/10/2025-01-13-g1-algebra.pdf,2025-01-13-g1-algebra.pdf,2025-01-13-g1-algebra.txt
https://math.mosolymp.ru/upload/files/2025/khamovniki/10/2025-01-13-g2-comba.pdf,2025-01-13-g2-comba.pdf,2025-01-13-g2-comba.txt
https://math.mosolymp.ru/upload/files/2025/khamovniki/10/2025-01-13-g2-coma-dop.pdf,2025-01-13-g2-coma-dop.pdf,2025-01-13-g2-coma-dop.txt
https://math.mosolymp.ru/upload/files/2025/khamovniki/10/2025-01-16-training-olymp.pdf,2025-01-16-training-olymp.pdf,2025-01-16-training-olymp.txt
https://math.mosolymp.ru/upload/files/2025/khamovniki/10/2025-01-16-training-olymp-solutions.pdf,2025-01-16-training-olymp-solutions.pdf,2025-01-16-training-olymp-solutions.txt
https://math.mosolymp.ru/upload/files/2025/khamovniki/10/2025-01-20-g1-comb-mixture.pdf,2025-01-20-g1-comb-mixture.pdf,2025-01-20-g1-comb-mixture.txt
https://math.mosolymp.ru/upload/files/2025/khamovniki/10/2025-01-20-g2-algebra-mixture.pdf,2025-01-20-g2-algebra-mixture.pdf,2025-01-20-g2-algebra-mixture.txt
https://math.mosolymp.ru/upload/files/2025/khamovniki/10/2025-02-10-g1-Holder.pdf,2025-02-10-g1-Holder.pdf,2025-02-10-g1-Holder.txt
https://math.mosolymp.ru/upload/files/2025/khamovniki/10/2025-02-10-g2-exit-v-prostranstvo.pdf,2025-02-10-g2-exit-v-prostranstvo.pdf,2025-02-10-g2-exit-v-prostranstvo.txt
https://math.mosolymp.ru/upload/files/2025/khamovniki/10/2025-02-13-g1-combi-raznoboy.pdf,2025-02-13-g1-combi-raznoboy.pdf,2025-02-13-g1-combi-raznoboy.txt
https://math.mosolymp.ru/upload/files/2025/khamovniki/10/2025-02-13-g2-raznost-polynom.pdf,2025-02-13-g2-raznost-polynom.pdf,2025-02-13-g2-raznost-polynom.txt
https://math.mosolymp.ru/upload/files/2025/khamovniki/10/2025-02-17-g1-linear-recurent.pdf,2025-02-17-g1-linear-recurent.pdf,2025-02-17-g1-linear-recurent.txt
https://math.mosolymp.ru/upload/files/2025/khamovniki/10/2025-02-20-g1-Shaltai-Boltai.pdf,2025-02-20-g1-Shaltai-Boltai.pdf,2025-02-20-g1-Shaltai-Boltai.txt
https://math.mosolymp.ru/upload/files/2025/khamovniki/10/2025-02-20-g2-Dvusvyaznost.pdf,2025-02-20-g2-Dvusvyaznost.pdf,2025-02-20-g2-Dvusvyaznost.txt
https://math.mosolymp.ru/upload/files/2025/khamovniki/10/2025-02-24-g1-recurent-dobavka.pdf,2025-02-24-g1-recurent-dobavka.pdf,2025-02-24-g1-recurent-dobavka.txt
https://math.mosolymp.ru/upload/files/2025/khamovniki/10/2025-02-24-g2-ushki.pdf,2025-02-24-g2-ushki.pdf,2025-02-24-g2-ushki.txt
https://math.mosolymp.ru/upload/files/2025/khamovniki/10/2025-02-27-g1-standart-points.pdf,2025-02-27-g1-standart-points.pdf,2025-02-27-g1-standart-points.txt
https://math.mosolymp.ru/upload/files/2025/khamovniki/10/2025-02-27-g2-ushki-dop.pdf,2025-02-27-g2-ushki-dop.pdf,2025-02-27-g2-ushki-dop.txt
https://math.mosolymp.ru/upload/files/2025/khamovniki/10/2025-03-03-g1-stepen-posl.pdf,2025-03-03-g1-stepen-posl.pdf,2025-03-03-g1-stepen-posl.txt
https://math.mosolymp.ru/upload/files/2025/khamovniki/10/2025-03-03-g2-recurent.pdf,2025-03-03-g2-recurent.pdf,2025-03-03-g2-recurent.txt
https://math.mosolymp.ru/upload/files/2025/khamovniki/10/2025-03-06-g2-recurent-combi.pdf,2025-03-06-g2-recurent-combi.pdf,2025-03-06-g2-recurent-combi.txt
https://math.mosolymp.ru/upload/files/2025/khamovniki/10/2025-03-10-g1-krug-polynom.pdf,2025-03-10-g1-krug-polynom.pdf,2025-03-10-g1-krug-polynom.txt
https://math.mosolymp.ru/upload/files/2025/khamovniki/10/2025-03-13-g1-raznoboi-mmo.pdf,2025-03-13-g1-raznoboi-mmo.pdf,2025-03-13-g1-raznoboi-mmo.txt
https://math.mosolymp.ru/upload/files/2025/khamovniki/10/2025-03-13-g2-raznoboi-mmo.pdf,2025-03-13-g2-raznoboi-mmo.pdf,2025-03-13-g2-raznoboi-mmo.txt
https://math.mosolymp.ru/upload/files/2025/khamovniki/10/2025-03-17-g2-apoloni.pdf,2025-03-17-g2-apoloni.pdf,2025-03-17-g2-apoloni.txt
https://math.mosolymp.ru/upload/files/2025/khamovniki/10/2025-03-20-g1-geom-mix.pdf,2025-03-20-g1-geom-mix.pdf,2025-03-20-g1-geom-mix.txt
https://math.mosolymp.ru/upload/files/2025/khamovniki/10/2025-03-24-g2-just-mix.pdf,2025-03-24-g2-just-mix.pdf,2025-03-24-g2-just-mix.txt
https://math.mosolymp.ru/upload/files/2025/khamovniki/10/2025-03-27-g2-kletki.pdf,2025-03-27-g2-kletki.pdf,2025-03-27-g2-kletki.txt
https://math.mosolymp.ru/upload/files/2025/khamovniki/10/2025-03-31-g2-tch.pdf,2025-03-31-g2-tch.pdf,2025-03-31-g2-tch.txt
https://math.mosolymp.ru/upload/files/2025/khamovniki/10/2025-04-03-g2-geommix.pdf,2025-04-03-g2-geommix.pdf,2025-04-03-g2-geommix.txt
https://math.mosolymp.ru/upload/files/2025/khamovniki/10/2025-04-14-g2-combi-tch.pdf,2025-04-14-g2-combi-tch.pdf,2025-04-14-g2-combi-tch.txt
https://math.mosolymp.ru/upload/files/2025/khamovniki/10/2025-04-17-g2-simson.pdf,2025-04-17-g2-simson.pdf,2025-04-17-g2-simson.txt
https://math.mosolymp.ru/upload/files/2025/khamovniki/10/2025-04-24-g1-kroneker.pdf,2025-04-24-g1-kroneker.pdf,2025-04-24-g1-kroneker.txt
https://math.mosolymp.ru/upload/files/2025/khamovniki/10/2025-04-24-g2-iknow.pdf,2025-04-24-g2-iknow.pdf,2025-04-24-g2-iknow.txt
https://math.mosolymp.ru/upload/files/2025/khamovniki/10/2025-04-28-kroneker.pdf,2025-04-28-kroneker.pdf,2025-04-28-kroneker.txt
https://math.mosolymp.ru/upload/files/2025/khamovniki/10/2025-05-05-g1-vostelnholm.pdf,2025-05-05-g1-vostelnholm.pdf,2025-05-05-g1-vostelnholm.txt
https://math.mosolymp.ru/upload/files/2025/khamovniki/10/2025-05-05-g2-linear-functions.pdf,2025-05-05-g2-linear-functions.pdf,2025-05-05-g2-linear-functions.txt
https://math.mosolymp.ru/upload/files/2025/khamovniki/10/geom-2024-09-24-Isogonal-triangle.pdf,geom-2024-09-24-Isogonal-triangle.pdf,geom-2024-09-24-Isogonal-triangle.txt
https://math.mosolymp.ru/upload/files/2025/khamovniki/10/2024-10-01-geom-isogonal-4.pdf,2024-10-01-geom-isogonal-4.pdf,2024-10-01-geom-isogonal-4.txt
https://math.mosolymp.ru/upload/files/2025/khamovniki/10/2024-10-08-geom-Mikel.pdf,2024-10-08-geom-Mikel.pdf,2024-10-08-geom-Mikel.txt
https://math.mosolymp.ru/upload/files/2025/khamovniki/10/2024-10-15-geom-lemma-isogonal.pdf,2024-10-15-geom-lemma-isogonal.pdf,2024-10-15-geom-lemma-isogonal.txt
https://math.mosolymp.ru/upload/files/2025/khamovniki/10/2024-10-22-geom-ratio-of-powers-and-puchki-okr.pdf,2024-10-22-geom-ratio-of-powers-and-puchki-okr.pdf,2024-10-22-geom-ratio-of-powers-and-puchki-okr.txt
https://math.mosolymp.ru/upload/files/2025/khamovniki/10/2024-10-29-geom-raznoboy.pdf,2024-10-29-geom-raznoboy.pdf,2024-10-29-geom-raznoboy.txt
https://math.mosolymp.ru/upload/files/2025/khamovniki/10/2024-11-19-geom-Kezi.pdf,2024-11-19-geom-Kezi.pdf,2024-11-19-geom-Kezi.txt
https://math.mosolymp.ru/upload/files/2025/khamovniki/10/2024-11-26-geom10-raznoboy.pdf,2024-11-26-geom10-raznoboy.pdf,2024-11-26-geom10-raznoboy.txt
https://math.mosolymp.ru/upload/files/2025/khamovniki/10/2024-12-03-geom10-Complex-begin.pdf,2024-12-03-geom10-Complex-begin.pdf,2024-12-03-geom10-Complex-begin.txt
https://math.mosolymp.ru/upload/files/2025/khamovniki/10/2024-12-10-geom10-complex-more.pdf,2024-12-10-geom10-complex-more.pdf,2024-12-10-geom10-complex-more.txt
https://math.mosolymp.ru/upload/files/2025/khamovniki/10/2024-12-24-geom10-geomnerva.pdf,2024-12-24-geom10-geomnerva.pdf,2024-12-24-geom10-geomnerva.txt
https://math.mosolymp.ru/upload/files/2025/khamovniki/10/2025-01-14-geom-dobryak.pdf,2025-01-14-geom-dobryak.pdf,2025-01-14-geom-dobryak.txt
https://math.mosolymp.ru/upload/files/2025/khamovniki/10/2025-01-21-geom10-kryabod.pdf,2025-01-21-geom10-kryabod.pdf,2025-01-21-geom10-kryabod.txt
https://math.mosolymp.ru/upload/files/2025/khamovniki/10/2025-01-28-geom10-region.pdf,2025-01-28-geom10-region.pdf,2025-01-28-geom10-region.txt
https://math.mosolymp.ru/upload/files/2025/khamovniki/10/2025-02-11-geom-bisectrisi.pdf,2025-02-11-geom-bisectrisi.pdf,2025-02-11-geom-bisectrisi.txt
https://math.mosolymp.ru/upload/files/2025/khamovniki/10/2025-02-18-geom10-tebo+savayama.pdf,2025-02-18-geom10-tebo+savayama.pdf,2025-02-18-geom10-tebo+savayama.txt
https://math.mosolymp.ru/upload/files/2025/khamovniki/10/2025-03-04-geom10-Poluopisan_(1).pdf,2025-03-04-geom10-Poluopisan_(1).pdf,2025-03-04-geom10-Poluopisan_(1).txt
https://math.mosolymp.ru/upload/files/2025/khamovniki/10/2025-03-11-geom10-Brokar.pdf,2025-03-11-geom10-Brokar.pdf,2025-03-11-geom10-Brokar.txt
https://math.mosolymp.ru/upload/files/2025/khamovniki/10/2025-04-29-conics.pdf,2025-04-29-conics.pdf,2025-04-29-conics.txt
https://math.mosolymp.ru/upload/files/2025/khamovniki/10/2025-05-06-geom-theory.pdf,2025-05-06-geom-theory.pdf,2025-05-06-geom-theory.txt
https://math.mosolymp.ru/upload/files/2025/khamovniki/10/2025-05-06-geom-problems.pdf,2025-05-06-geom-problems.pdf,2025-05-06-geom-problems.txt
https://math.mosolymp.ru/upload/files/2025/khamovniki/10/2025-05-13-geom-mikel-and-parabola.pdf,2025-05-13-geom-mikel-and-parabola.pdf,2025-05-13-geom-mikel-and-parabola.txt
https://math.mosolymp.ru/upload/files/2023/khamovniki/7/Programma_zach%D1%91ta.pdf,Programma_zach%D1%91ta.pdf,Programma_zach%D1%91ta.txt
"https://math.mosolymp.ru/upload/files/2023/khamovniki/7/Letnie_sboryi,_klyuchevyie_teoriya_i_zadachi.pdf","Letnie_sboryi,_klyuchevyie_teoriya_i_zadachi.pdf","Letnie_sboryi,_klyuchevyie_teoriya_i_zadachi.txt"
https://math.mosolymp.ru/upload/files/2024/khamovniki/8/Programma_zach%D1%91ta.pdf,Programma_zach%D1%91ta.pdf,Programma_zach%D1%91ta.txt
https://math.mosolymp.ru/upload/files/2024/khamovniki/8/2024-06_Programma_sborov.pdf,2024-06_Programma_sborov.pdf,2024-06_Programma_sborov.txt
"https://math.mosolymp.ru/upload/files/2025/khamovniki/9/2024-09-07_Ochnyiy_otbor,_resheniya.pdf","2024-09-07_Ochnyiy_otbor,_resheniya.pdf","2024-09-07_Ochnyiy_otbor,_resheniya.txt"
"https://math.mosolymp.ru/upload/files/2025/khamovniki/9/2024-09-16_Ochnyiy_otbor,_resheniya.pdf","2024-09-16_Ochnyiy_otbor,_resheniya.pdf","2024-09-16_Ochnyiy_otbor,_resheniya.txt"
https://math.mosolymp.ru/upload/files/2025/khamovniki/9/2024-09-19_Mnogochlenyi__Bezu_i_Viet.pdf,2024-09-19_Mnogochlenyi__Bezu_i_Viet.pdf,2024-09-19_Mnogochlenyi__Bezu_i_Viet.txt
https://math.mosolymp.ru/upload/files/2025/khamovniki/9/2024-09-23_Radikalnyie_osi.pdf,2024-09-23_Radikalnyie_osi.pdf,2024-09-23_Radikalnyie_osi.txt
https://math.mosolymp.ru/upload/files/2025/khamovniki/9/2024-09-23_Stepen_tochki.pdf,2024-09-23_Stepen_tochki.pdf,2024-09-23_Stepen_tochki.txt
https://math.mosolymp.ru/upload/files/2025/khamovniki/9/2024-09-26_Mnogochlenyi_i_nepreryivnost.pdf,2024-09-26_Mnogochlenyi_i_nepreryivnost.pdf,2024-09-26_Mnogochlenyi_i_nepreryivnost.txt
https://math.mosolymp.ru/upload/files/2025/khamovniki/9/2024-09-30_Radikalnyie_osi_2.pdf,2024-09-30_Radikalnyie_osi_2.pdf,2024-09-30_Radikalnyie_osi_2.txt
https://math.mosolymp.ru/upload/files/2025/khamovniki/9/2024-09-30_Radikalnyie_osi.pdf,2024-09-30_Radikalnyie_osi.pdf,2024-09-30_Radikalnyie_osi.txt
https://math.mosolymp.ru/upload/files/2025/khamovniki/9/2024-10-03_Mnogochlenyi_s_tselyimi_koeffitsientami.pdf,2024-10-03_Mnogochlenyi_s_tselyimi_koeffitsientami.pdf,2024-10-03_Mnogochlenyi_s_tselyimi_koeffitsientami.txt
https://math.mosolymp.ru/upload/files/2025/khamovniki/9/2024-10-10_Vesa_9-1.pdf,2024-10-10_Vesa_9-1.pdf,2024-10-10_Vesa_9-1.txt
https://math.mosolymp.ru/upload/files/2025/khamovniki/9/2024-10-10_Vesa_9-2.pdf,2024-10-10_Vesa_9-2.pdf,2024-10-10_Vesa_9-2.txt
https://math.mosolymp.ru/upload/files/2025/khamovniki/9/2024-10-14_Pro_strelochki_9-1.pdf,2024-10-14_Pro_strelochki_9-1.pdf,2024-10-14_Pro_strelochki_9-1.txt
https://math.mosolymp.ru/upload/files/2025/khamovniki/9/2024-10-14_Pro_strelochki_9-2.pdf,2024-10-14_Pro_strelochki_9-2.pdf,2024-10-14_Pro_strelochki_9-2.txt
https://math.mosolymp.ru/upload/files/2025/khamovniki/9/2024-10-17_Periodichnost_9-1.pdf,2024-10-17_Periodichnost_9-1.pdf,2024-10-17_Periodichnost_9-1.txt
https://math.mosolymp.ru/upload/files/2025/khamovniki/9/2024-10-17_Periodichnost_9-2.pdf,2024-10-17_Periodichnost_9-2.pdf,2024-10-17_Periodichnost_9-2.txt
https://math.mosolymp.ru/upload/files/2025/khamovniki/9/2024-10-21_Trenirovochnaya_olimpiada.pdf,2024-10-21_Trenirovochnaya_olimpiada.pdf,2024-10-21_Trenirovochnaya_olimpiada.txt
"https://math.mosolymp.ru/upload/files/2025/khamovniki/9/2024-10-21_Trenirovochnaya_olimpiada,_resheniya.pdf","2024-10-21_Trenirovochnaya_olimpiada,_resheniya.pdf","2024-10-21_Trenirovochnaya_olimpiada,_resheniya.txt"
https://math.mosolymp.ru/upload/files/2025/khamovniki/9/2024-10-21_Otborochnaya_olimpiada.pdf,2024-10-21_Otborochnaya_olimpiada.pdf,2024-10-21_Otborochnaya_olimpiada.txt
"https://math.mosolymp.ru/upload/files/2025/khamovniki/9/2024-10-21_Otborochnaya_olimpiada,_resheniya.pdf","2024-10-21_Otborochnaya_olimpiada,_resheniya.pdf","2024-10-21_Otborochnaya_olimpiada,_resheniya.txt"
https://math.mosolymp.ru/upload/files/2025/khamovniki/9/2024-10-24_Neravnyiy_raznoboy.pdf,2024-10-24_Neravnyiy_raznoboy.pdf,2024-10-24_Neravnyiy_raznoboy.txt
https://math.mosolymp.ru/upload/files/2025/khamovniki/9/2024-10-24_Gomotetiya.pdf,2024-10-24_Gomotetiya.pdf,2024-10-24_Gomotetiya.txt
https://math.mosolymp.ru/upload/files/2025/khamovniki/9/2024-10-28_Planarnyie_grafyi.pdf,2024-10-28_Planarnyie_grafyi.pdf,2024-10-28_Planarnyie_grafyi.txt
https://math.mosolymp.ru/upload/files/2025/khamovniki/9/2024-11_Osennie_sboryi.pdf,2024-11_Osennie_sboryi.pdf,2024-11_Osennie_sboryi.txt
https://math.mosolymp.ru/upload/files/2025/khamovniki/9/2024-11_Klyuchevyie_teoriya_i_zadachi.pdf,2024-11_Klyuchevyie_teoriya_i_zadachi.pdf,2024-11_Klyuchevyie_teoriya_i_zadachi.txt
https://math.mosolymp.ru/upload/files/2025/khamovniki/9/2024-11-07_Lemma_Holla.pdf,2024-11-07_Lemma_Holla.pdf,2024-11-07_Lemma_Holla.txt
https://math.mosolymp.ru/upload/files/2025/khamovniki/9/2024-11-11_Inversiya.pdf,2024-11-11_Inversiya.pdf,2024-11-11_Inversiya.txt
https://math.mosolymp.ru/upload/files/2025/khamovniki/9/2024-11-14_Kvadratichnyie_vyichetyi.pdf,2024-11-14_Kvadratichnyie_vyichetyi.pdf,2024-11-14_Kvadratichnyie_vyichetyi.txt
https://math.mosolymp.ru/upload/files/2025/khamovniki/9/2024-11-18_Jadnyiy_algoritm.pdf,2024-11-18_Jadnyiy_algoritm.pdf,2024-11-18_Jadnyiy_algoritm.txt
"https://math.mosolymp.ru/upload/files/2025/khamovniki/9/2024-11-21_Interpolyatsiya,_9-1.pdf","2024-11-21_Interpolyatsiya,_9-1.pdf","2024-11-21_Interpolyatsiya,_9-1.txt"
"https://math.mosolymp.ru/upload/files/2025/khamovniki/9/2024-11-21_Interpolyatsiya,_9-2.pdf","2024-11-21_Interpolyatsiya,_9-2.pdf","2024-11-21_Interpolyatsiya,_9-2.txt"
https://math.mosolymp.ru/upload/files/2025/khamovniki/9/2024-11-25_Teoremyi_CHevyi_i_Menelaya.pdf,2024-11-25_Teoremyi_CHevyi_i_Menelaya.pdf,2024-11-25_Teoremyi_CHevyi_i_Menelaya.txt
https://math.mosolymp.ru/upload/files/2025/khamovniki/9/2024-11-28_Algebre_boy.pdf,2024-11-28_Algebre_boy.pdf,2024-11-28_Algebre_boy.txt
https://math.mosolymp.ru/upload/files/2025/khamovniki/9/2024-12-02_Privet_s_Kolma.pdf,2024-12-02_Privet_s_Kolma.pdf,2024-12-02_Privet_s_Kolma.txt
https://math.mosolymp.ru/upload/files/2025/khamovniki/9/2024-12-05_Binarnyiy_kub.pdf,2024-12-05_Binarnyiy_kub.pdf,2024-12-05_Binarnyiy_kub.txt
https://math.mosolymp.ru/upload/files/2025/khamovniki/9/2024-12-09_Lemma_ob_utochnenii_pokazatelya_9-1.pdf,2024-12-09_Lemma_ob_utochnenii_pokazatelya_9-1.pdf,2024-12-09_Lemma_ob_utochnenii_pokazatelya_9-1.txt
https://math.mosolymp.ru/upload/files/2025/khamovniki/9/2024-12-09_Lemma_ob_utochnenii_pokazatelya_9-2.pdf,2024-12-09_Lemma_ob_utochnenii_pokazatelya_9-2.pdf,2024-12-09_Lemma_ob_utochnenii_pokazatelya_9-2.txt
https://math.mosolymp.ru/upload/files/2025/khamovniki/9/2024-12-12_Trenirovochnaya_olimpiada.pdf,2024-12-12_Trenirovochnaya_olimpiada.pdf,2024-12-12_Trenirovochnaya_olimpiada.txt
https://math.mosolymp.ru/upload/files/2025/khamovniki/9/2024-12-16_CHisla_Katalana.pdf,2024-12-16_CHisla_Katalana.pdf,2024-12-16_CHisla_Katalana.txt
"https://math.mosolymp.ru/upload/files/2025/khamovniki/9/2024-12-23_Programma_zachёta,_2024-12.pdf","2024-12-23_Programma_zachёta,_2024-12.pdf","2024-12-23_Programma_zachёta,_2024-12.txt"
"https://math.mosolymp.ru/upload/files/2025/khamovniki/9/2025-01-11_Distantsionnyiy_otbor,_resheniya.pdf","2025-01-11_Distantsionnyiy_otbor,_resheniya.pdf","2025-01-11_Distantsionnyiy_otbor,_resheniya.txt"
https://math.mosolymp.ru/upload/files/2025/khamovniki/9/2025-01-13_Algebraicheskiy_raznoboy.pdf,2025-01-13_Algebraicheskiy_raznoboy.pdf,2025-01-13_Algebraicheskiy_raznoboy.txt
"https://math.mosolymp.ru/upload/files/2025/khamovniki/9/2025-01-16_Otborochnaya_olimpiada,_resheniya.pdf","2025-01-16_Otborochnaya_olimpiada,_resheniya.pdf","2025-01-16_Otborochnaya_olimpiada,_resheniya.txt"
https://math.mosolymp.ru/upload/files/2025/khamovniki/9/2025-01-16_Trenirovochnaya_olimpiada.pdf,2025-01-16_Trenirovochnaya_olimpiada.pdf,2025-01-16_Trenirovochnaya_olimpiada.txt
https://math.mosolymp.ru/upload/files/2025/khamovniki/9/2025-01-16_Resheniya.pdf,2025-01-16_Resheniya.pdf,2025-01-16_Resheniya.txt
https://math.mosolymp.ru/upload/files/2025/khamovniki/9/2025-01-20_Kombinatornyiy_raznoboy.pdf,2025-01-20_Kombinatornyiy_raznoboy.pdf,2025-01-20_Kombinatornyiy_raznoboy.txt
https://math.mosolymp.ru/upload/files/2025/khamovniki/9/2025-01-23_Trenirovochnaya_olimpiada.pdf,2025-01-23_Trenirovochnaya_olimpiada.pdf,2025-01-23_Trenirovochnaya_olimpiada.txt
https://math.mosolymp.ru/upload/files/2025/khamovniki/9/2025-01-23_Resheniya.pdf,2025-01-23_Resheniya.pdf,2025-01-23_Resheniya.txt
"https://math.mosolymp.ru/upload/files/2025/khamovniki/9/2025-02-10_Vektoryi_i_skalyarnoe_proizvedenie,_9-1.pdf","2025-02-10_Vektoryi_i_skalyarnoe_proizvedenie,_9-1.pdf","2025-02-10_Vektoryi_i_skalyarnoe_proizvedenie,_9-1.txt"
"https://math.mosolymp.ru/upload/files/2025/khamovniki/9/2025-02-10_Vektoryi_i_skalyarnoe_proizvedenie,_9-2.pdf","2025-02-10_Vektoryi_i_skalyarnoe_proizvedenie,_9-2.pdf","2025-02-10_Vektoryi_i_skalyarnoe_proizvedenie,_9-2.txt"
"https://math.mosolymp.ru/upload/files/2025/khamovniki/9/2025-02-13_Kompleksnyie_chisla,_nachalo.pdf","2025-02-13_Kompleksnyie_chisla,_nachalo.pdf","2025-02-13_Kompleksnyie_chisla,_nachalo.txt"
https://math.mosolymp.ru/upload/files/2025/khamovniki/9/2025-02-17_Raskraska_ploskosti.pdf,2025-02-17_Raskraska_ploskosti.pdf,2025-02-17_Raskraska_ploskosti.txt
https://math.mosolymp.ru/upload/files/2025/khamovniki/9/2025-02-20_Kompleksnyie_chisla__Prodoljenie.pdf,2025-02-20_Kompleksnyie_chisla__Prodoljenie.pdf,2025-02-20_Kompleksnyie_chisla__Prodoljenie.txt
https://math.mosolymp.ru/upload/files/2025/khamovniki/9/2025-02-27_OTA.pdf,2025-02-27_OTA.pdf,2025-02-27_OTA.txt
https://math.mosolymp.ru/upload/files/2025/khamovniki/9/2025-03-03_Schёt_v_sinusah.pdf,2025-03-03_Schёt_v_sinusah.pdf,2025-03-03_Schёt_v_sinusah.txt
"https://math.mosolymp.ru/upload/files/2025/khamovniki/9/2025-03-06_Spusk_v_TCH,_9-1.pdf","2025-03-06_Spusk_v_TCH,_9-1.pdf","2025-03-06_Spusk_v_TCH,_9-1.txt"
"https://math.mosolymp.ru/upload/files/2025/khamovniki/9/2025-03-06_Spusk_v_TCH,_9-2.pdf","2025-03-06_Spusk_v_TCH,_9-2.pdf","2025-03-06_Spusk_v_TCH,_9-2.txt"
https://math.mosolymp.ru/upload/files/2025/khamovniki/9/2025-03-10_Schёt_v_sinusah_2.pdf,2025-03-10_Schёt_v_sinusah_2.pdf,2025-03-10_Schёt_v_sinusah_2.txt
https://math.mosolymp.ru/upload/files/2025/khamovniki/9/2025-03-13_Raznoboy_pered_MMO.pdf,2025-03-13_Raznoboy_pered_MMO.pdf,2025-03-13_Raznoboy_pered_MMO.txt
https://math.mosolymp.ru/upload/files/2025/khamovniki/9/2025-03-17_Po_motivam_MMO.pdf,2025-03-17_Po_motivam_MMO.pdf,2025-03-17_Po_motivam_MMO.txt
https://math.mosolymp.ru/upload/files/2025/khamovniki/9/2025-03-20_Diagonal_kletchatogo_pryamougolnika.pdf,2025-03-20_Diagonal_kletchatogo_pryamougolnika.pdf,2025-03-20_Diagonal_kletchatogo_pryamougolnika.txt
https://math.mosolymp.ru/upload/files/2025/khamovniki/9/2025-04_Vesennie_sboryi.pdf,2025-04_Vesennie_sboryi.pdf,2025-04_Vesennie_sboryi.txt
https://math.mosolymp.ru/upload/files/2025/khamovniki/9/2025-03-27_Neprivodimyie_mnogochlenyi.pdf,2025-03-27_Neprivodimyie_mnogochlenyi.pdf,2025-03-27_Neprivodimyie_mnogochlenyi.txt
https://math.mosolymp.ru/upload/files/2025/khamovniki/9/2025-03-31_Tochka_SHaltaya.pdf,2025-03-31_Tochka_SHaltaya.pdf,2025-03-31_Tochka_SHaltaya.txt
https://math.mosolymp.ru/upload/files/2025/khamovniki/9/2025-04-03_Kombinatornyiy_raznoboy.pdf,2025-04-03_Kombinatornyiy_raznoboy.pdf,2025-04-03_Kombinatornyiy_raznoboy.txt
https://math.mosolymp.ru/upload/files/2025/khamovniki/9/2025-04-07_Tochka_Boltaya.pdf,2025-04-07_Tochka_Boltaya.pdf,2025-04-07_Tochka_Boltaya.txt
https://math.mosolymp.ru/upload/files/2025/khamovniki/9/2025-04-10_Trenirovochnaya_olimpiada_(VsOSH).pdf,2025-04-10_Trenirovochnaya_olimpiada_(VsOSH).pdf,2025-04-10_Trenirovochnaya_olimpiada_(VsOSH).txt
https://math.mosolymp.ru/upload/files/2025/khamovniki/9/2025-04-10_Trenirovochnaya_olimpiada_(region).pdf,2025-04-10_Trenirovochnaya_olimpiada_(region).pdf,2025-04-10_Trenirovochnaya_olimpiada_(region).txt
https://math.mosolymp.ru/upload/files/2025/khamovniki/9/2025-04-15_Algebraicheskiy_raznoboy.pdf,2025-04-15_Algebraicheskiy_raznoboy.pdf,2025-04-15_Algebraicheskiy_raznoboy.txt
https://math.mosolymp.ru/upload/files/2025/khamovniki/9/2025-04-17_Kombnatonyiy_raznoboy.pdf,2025-04-17_Kombnatonyiy_raznoboy.pdf,2025-04-17_Kombnatonyiy_raznoboy.txt
"https://math.mosolymp.ru/upload/files/2025/khamovniki/9/2025-04-24_Delm_edu,_9-1.pdf","2025-04-24_Delm_edu,_9-1.pdf","2025-04-24_Delm_edu,_9-1.txt"
"https://math.mosolymp.ru/upload/files/2025/khamovniki/9/2025-04-24_Delm_edu,_9-2.pdf","2025-04-24_Delm_edu,_9-2.pdf","2025-04-24_Delm_edu,_9-2.txt"
"https://math.mosolymp.ru/upload/files/2025/khamovniki/9/2025-04-28_Ravnomoschnost,_9-1.pdf","2025-04-28_Ravnomoschnost,_9-1.pdf","2025-04-28_Ravnomoschnost,_9-1.txt"
"https://math.mosolymp.ru/upload/files/2025/khamovniki/9/2025-04-28_Ravnomoschnost,_9-2.pdf","2025-04-28_Ravnomoschnost,_9-2.pdf","2025-04-28_Ravnomoschnost,_9-2.txt"
"https://math.mosolymp.ru/upload/files/2025/khamovniki/9/2025-05-05_Mnogochlenyi,_generiruyuschie_prostyie.pdf","2025-05-05_Mnogochlenyi,_generiruyuschie_prostyie.pdf","2025-05-05_Mnogochlenyi,_generiruyuschie_prostyie.txt"
"https://math.mosolymp.ru/upload/files/2025/khamovniki/9/2025-05-12_Kombinatornaya_geometriya,_9-1.pdf","2025-05-12_Kombinatornaya_geometriya,_9-1.pdf","2025-05-12_Kombinatornaya_geometriya,_9-1.txt"
"https://math.mosolymp.ru/upload/files/2025/khamovniki/9/2025-05-12_Kombinatornaya_geometriya,_9-2.pdf","2025-05-12_Kombinatornaya_geometriya,_9-2.pdf","2025-05-12_Kombinatornaya_geometriya,_9-2.txt"
https://math.mosolymp.ru/upload/files/2025/khamovniki/9/2025-05-15_Otborochnaya_olimpiada.pdf,2025-05-15_Otborochnaya_olimpiada.pdf,2025-05-15_Otborochnaya_olimpiada.txt
"https://math.mosolymp.ru/upload/files/2025/khamovniki/9/2025-05-15_Otborochnaya_olimpiada,_resheniya.pdf","2025-05-15_Otborochnaya_olimpiada,_resheniya.pdf","2025-05-15_Otborochnaya_olimpiada,_resheniya.txt"
https://math.mosolymp.ru/upload/files/2025/khamovniki/9/2025-05-19_Geometriya_naposledok.pdf,2025-05-19_Geometriya_naposledok.pdf,2025-05-19_Geometriya_naposledok.txt
https://math.mosolymp.ru/upload/files/2025/khamovniki/9/2025-05_Programma_zachёta.pdf,2025-05_Programma_zachёta.pdf,2025-05_Programma_zachёta.txt
https://math.mosolymp.ru/upload/files/2025/khamovniki/9/2024-09-25_Priznaki_opisannosti.pdf,2024-09-25_Priznaki_opisannosti.pdf,2024-09-25_Priznaki_opisannosti.txt
https://math.mosolymp.ru/upload/files/2025/khamovniki/9/2024-10-01_Napravlennyie_uglyi.pdf,2024-10-01_Napravlennyie_uglyi.pdf,2024-10-01_Napravlennyie_uglyi.txt
https://math.mosolymp.ru/upload/files/2025/khamovniki/9/2024-10-08_Izogonalnoe_sopryajenie.pdf,2024-10-08_Izogonalnoe_sopryajenie.pdf,2024-10-08_Izogonalnoe_sopryajenie.txt
https://math.mosolymp.ru/upload/files/2025/khamovniki/9/2024-10-15_Lemma_ob_izogonalyah.pdf,2024-10-15_Lemma_ob_izogonalyah.pdf,2024-10-15_Lemma_ob_izogonalyah.txt
https://math.mosolymp.ru/upload/files/2025/khamovniki/9/2024-10-22_Pryamaya_Simsona.pdf,2024-10-22_Pryamaya_Simsona.pdf,2024-10-22_Pryamaya_Simsona.txt
https://math.mosolymp.ru/upload/files/2025/khamovniki/9/2024-11-05_Povorotnaya_gomotetiya.pdf,2024-11-05_Povorotnaya_gomotetiya.pdf,2024-11-05_Povorotnaya_gomotetiya.txt
https://math.mosolymp.ru/upload/files/2025/khamovniki/9/2024-11-19_Kompozitsiya_gomotetiy.pdf,2024-11-19_Kompozitsiya_gomotetiy.pdf,2024-11-19_Kompozitsiya_gomotetiy.txt
https://math.mosolymp.ru/upload/files/2025/khamovniki/9/2024-11-26_Ugaday_tochku.pdf,2024-11-26_Ugaday_tochku.pdf,2024-11-26_Ugaday_tochku.txt
https://math.mosolymp.ru/upload/files/2025/khamovniki/9/2024-12-03_Kompozitsiya_gomotetiy_ili_priznaki_opisannosti.pdf,2024-12-03_Kompozitsiya_gomotetiy_ili_priznaki_opisannosti.pdf,2024-12-03_Kompozitsiya_gomotetiy_ili_priznaki_opisannosti.txt
https://math.mosolymp.ru/upload/files/2025/khamovniki/9/2024-12-10_Diametr_vpisannoy_okrujnosti.pdf,2024-12-10_Diametr_vpisannoy_okrujnosti.pdf,2024-12-10_Diametr_vpisannoy_okrujnosti.txt
https://math.mosolymp.ru/upload/files/2025/khamovniki/9/2024-12-17_Poluvpisannaya_okrujnost.pdf,2024-12-17_Poluvpisannaya_okrujnost.pdf,2024-12-17_Poluvpisannaya_okrujnost.txt
https://math.mosolymp.ru/upload/files/2025/khamovniki/9/2025-01-14_Geometricheskiy_raznoboy.pdf,2025-01-14_Geometricheskiy_raznoboy.pdf,2025-01-14_Geometricheskiy_raznoboy.txt
https://math.mosolymp.ru/upload/files/2025/khamovniki/9/2025-01-21_Sootvetstvuyuschie_elementyi_podobnyih_treugolnikov.pdf,2025-01-21_Sootvetstvuyuschie_elementyi_podobnyih_treugolnikov.pdf,2025-01-21_Sootvetstvuyuschie_elementyi_podobnyih_treugolnikov.txt
https://math.mosolymp.ru/upload/files/2025/khamovniki/9/2025-01-28_Nebolshaya_dobavka.pdf,2025-01-28_Nebolshaya_dobavka.pdf,2025-01-28_Nebolshaya_dobavka.txt
https://math.mosolymp.ru/upload/files/2025/khamovniki/9/2025-02-11_Pravilnyiy_mnogougolnik_i_vektoryi.pdf,2025-02-11_Pravilnyiy_mnogougolnik_i_vektoryi.pdf,2025-02-11_Pravilnyiy_mnogougolnik_i_vektoryi.txt
https://math.mosolymp.ru/upload/files/2025/khamovniki/9/2025-02-18_Okrujnost_Apolloniya.pdf,2025-02-18_Okrujnost_Apolloniya.pdf,2025-02-18_Okrujnost_Apolloniya.txt
https://math.mosolymp.ru/upload/files/2025/khamovniki/9/2025-03-04_Zadacha_255.pdf,2025-03-04_Zadacha_255.pdf,2025-03-04_Zadacha_255.txt
https://math.mosolymp.ru/upload/files/2025/khamovniki/9/2025-03-11_Lineynyie_funktsii.pdf,2025-03-11_Lineynyie_funktsii.pdf,2025-03-11_Lineynyie_funktsii.txt
"https://math.mosolymp.ru/upload/files/2025/khamovniki/9/2025-03-11_Lineynyie_funktsii,_teoriya.pdf","2025-03-11_Lineynyie_funktsii,_teoriya.pdf","2025-03-11_Lineynyie_funktsii,_teoriya.txt"
https://math.mosolymp.ru/upload/files/2025/khamovniki/9/2025-03-18_Radiusyi_okrujnostey.pdf,2025-03-18_Radiusyi_okrujnostey.pdf,2025-03-18_Radiusyi_okrujnostey.txt
https://math.mosolymp.ru/upload/files/2025/khamovniki/9/2025-04-29_Napravleniya.pdf,2025-04-29_Napravleniya.pdf,2025-04-29_Napravleniya.txt
https://math.mosolymp.ru/upload/files/2025/khamovniki/9/2025-05-06_Geometriya_mass.pdf,2025-05-06_Geometriya_mass.pdf,2025-05-06_Geometriya_mass.txt
https://math.mosolymp.ru/upload/files/2025/khamovniki/9/2025-05-13_Baritsentricheskie_koordinatyi.pdf,2025-05-13_Baritsentricheskie_koordinatyi.pdf,2025-05-13_Baritsentricheskie_koordinatyi.txt
https://math.mosolymp.ru/upload/files/2025/khamovniki/9/2025-05-20_Baritsentricheskie_koordinatyi_2.pdf,2025-05-20_Baritsentricheskie_koordinatyi_2.pdf,2025-05-20_Baritsentricheskie_koordinatyi_2.txt
https://math.mosolymp.ru/upload/files/2025/khamovniki/8/exam-g1.pdf,exam-g1.pdf,exam-g1.txt
https://math.mosolymp.ru/upload/files/2025/khamovniki/8/exam-g2.pdf,exam-g2.pdf,exam-g2.txt
https://math.mosolymp.ru/upload/files/2025/khamovniki/8/2024-09-07-entry.pdf,2024-09-07-entry.pdf,2024-09-07-entry.txt
https://math.mosolymp.ru/upload/files/2025/khamovniki/8/2024-09-14-entry.pdf,2024-09-14-entry.pdf,2024-09-14-entry.txt
https://math.mosolymp.ru/upload/files/2025/khamovniki/8/2024-09-14-solutions.pdf,2024-09-14-solutions.pdf,2024-09-14-solutions.txt
https://math.mosolymp.ru/upload/files/2025/khamovniki/8/2024-09-21-g1-prime-powers.pdf,2024-09-21-g1-prime-powers.pdf,2024-09-21-g1-prime-powers.txt
https://math.mosolymp.ru/upload/files/2025/khamovniki/8/2024-09-21-g2-prime-powers.pdf,2024-09-21-g2-prime-powers.pdf,2024-09-21-g2-prime-powers.txt
https://math.mosolymp.ru/upload/files/2025/khamovniki/8/2024-09-24-g1-inscribed-angles-1.pdf,2024-09-24-g1-inscribed-angles-1.pdf,2024-09-24-g1-inscribed-angles-1.txt
https://math.mosolymp.ru/upload/files/2025/khamovniki/8/2024-09-24-g2-inscribed-angles-1.pdf,2024-09-24-g2-inscribed-angles-1.pdf,2024-09-24-g2-inscribed-angles-1.txt
https://math.mosolymp.ru/upload/files/2025/khamovniki/8/2024-09-28-g1-graph-colourings.pdf,2024-09-28-g1-graph-colourings.pdf,2024-09-28-g1-graph-colourings.txt
https://math.mosolymp.ru/upload/files/2025/khamovniki/8/2024-09-28-g2-graph-colourings.pdf,2024-09-28-g2-graph-colourings.pdf,2024-09-28-g2-graph-colourings.txt
https://math.mosolymp.ru/upload/files/2025/khamovniki/8/2024-10-01-mixture-1.pdf,2024-10-01-mixture-1.pdf,2024-10-01-mixture-1.txt
https://math.mosolymp.ru/upload/files/2025/khamovniki/8/2024-10-05-g1-rearrangement.pdf,2024-10-05-g1-rearrangement.pdf,2024-10-05-g1-rearrangement.txt
https://math.mosolymp.ru/upload/files/2025/khamovniki/8/2024-10-05-g1-rearrangement-more.pdf,2024-10-05-g1-rearrangement-more.pdf,2024-10-05-g1-rearrangement-more.txt
https://math.mosolymp.ru/upload/files/2025/khamovniki/8/2024-10-05-g2-rearrangement.pdf,2024-10-05-g2-rearrangement.pdf,2024-10-05-g2-rearrangement.txt
https://math.mosolymp.ru/upload/files/2025/khamovniki/8/2024-10-05-g2-rearrangement-more.pdf,2024-10-05-g2-rearrangement-more.pdf,2024-10-05-g2-rearrangement-more.txt
https://math.mosolymp.ru/upload/files/2025/khamovniki/8/2024-10-08-g1-inscribed-angles-2.pdf,2024-10-08-g1-inscribed-angles-2.pdf,2024-10-08-g1-inscribed-angles-2.txt
https://math.mosolymp.ru/upload/files/2025/khamovniki/8/2024-10-15-g1-orgraphs-more.pdf,2024-10-15-g1-orgraphs-more.pdf,2024-10-15-g1-orgraphs-more.txt
https://math.mosolymp.ru/upload/files/2025/khamovniki/8/2024-10-15-g2-orgraphs.pdf,2024-10-15-g2-orgraphs.pdf,2024-10-15-g2-orgraphs.txt
https://math.mosolymp.ru/upload/files/2025/khamovniki/8/2024-10-15-g2-orgraphs-more.pdf,2024-10-15-g2-orgraphs-more.pdf,2024-10-15-g2-orgraphs-more.txt
https://math.mosolymp.ru/upload/files/2025/khamovniki/8/2024-10-19-mixture.pdf,2024-10-19-mixture.pdf,2024-10-19-mixture.txt
https://math.mosolymp.ru/upload/files/2025/khamovniki/8/2025-01-11-entry-dist.pdf,2025-01-11-entry-dist.pdf,2025-01-11-entry-dist.txt
https://math.mosolymp.ru/upload/files/2025/khamovniki/8/2025-05-13-g1-mixture-11.pdf,2025-05-13-g1-mixture-11.pdf,2025-05-13-g1-mixture-11.txt
https://math.mosolymp.ru/upload/files/2025/khamovniki/8/2025-05-13-g2-mixture-11.pdf,2025-05-13-g2-mixture-11.pdf,2025-05-13-g2-mixture-11.txt
https://math.mosolymp.ru/upload/files/2025/khamovniki/8/2025-05-17-otbor-sbory.pdf,2025-05-17-otbor-sbory.pdf,2025-05-17-otbor-sbory.txt
https://math.mosolymp.ru/upload/files/2025/khamovniki/7/Exam2.pdf,Exam2.pdf,Exam2.txt
https://math.mosolymp.ru/upload/files/2025/khamovniki/7/sept_2024_7_1.pdf,sept_2024_7_1.pdf,sept_2024_7_1.txt
https://math.mosolymp.ru/upload/files/2025/khamovniki/7/0_-_Written_Tour.pdf,0_-_Written_Tour.pdf,0_-_Written_Tour.txt
https://math.mosolymp.ru/upload/files/2025/khamovniki/7/1_-_Chains_-_Nested_Sets.pdf,1_-_Chains_-_Nested_Sets.pdf,1_-_Chains_-_Nested_Sets.txt
https://math.mosolymp.ru/upload/files/2025/khamovniki/7/2_-_Useful_Number_Systems.pdf,2_-_Useful_Number_Systems.pdf,2_-_Useful_Number_Systems.txt
https://math.mosolymp.ru/upload/files/2025/khamovniki/7/3_-_Hard_Invariants.pdf,3_-_Hard_Invariants.pdf,3_-_Hard_Invariants.txt
https://math.mosolymp.ru/upload/files/2025/khamovniki/7/4_-_Counters.pdf,4_-_Counters.pdf,4_-_Counters.txt
https://math.mosolymp.ru/upload/files/2025/khamovniki/7/5_-_Algebraic_Formulas.pdf,5_-_Algebraic_Formulas.pdf,5_-_Algebraic_Formulas.txt
https://math.mosolymp.ru/upload/files/2025/khamovniki/7/6_-_Extreme_Principle.pdf,6_-_Extreme_Principle.pdf,6_-_Extreme_Principle.txt
https://math.mosolymp.ru/upload/files/2025/khamovniki/7/7_-_Infinite_Checkered_Plane.pdf,7_-_Infinite_Checkered_Plane.pdf,7_-_Infinite_Checkered_Plane.txt
https://math.mosolymp.ru/upload/files/2025/khamovniki/7/8_-_Algebraic_Formulas_(Sequel).pdf,8_-_Algebraic_Formulas_(Sequel).pdf,8_-_Algebraic_Formulas_(Sequel).txt
https://math.mosolymp.ru/upload/files/2025/khamovniki/7/9_-_Graphs.pdf,9_-_Graphs.pdf,9_-_Graphs.txt
https://math.mosolymp.ru/upload/files/2025/khamovniki/7/10_-_Algebraic_Number_Theory.pdf,10_-_Algebraic_Number_Theory.pdf,10_-_Algebraic_Number_Theory.txt
https://math.mosolymp.ru/upload/files/2025/khamovniki/7/komol_jun.pdf,komol_jun.pdf,komol_jun.txt
https://math.mosolymp.ru/upload/files/2025/khamovniki/7/11_-_Different_Problmes_From_UrTUM.pdf,11_-_Different_Problmes_From_UrTUM.pdf,11_-_Different_Problmes_From_UrTUM.txt
https://math.mosolymp.ru/upload/files/2025/khamovniki/7/12_-_Games.pdf,12_-_Games.pdf,12_-_Games.txt
https://math.mosolymp.ru/upload/files/2025/khamovniki/7/13_-_Very_First_Inequality.pdf,13_-_Very_First_Inequality.pdf,13_-_Very_First_Inequality.txt
https://math.mosolymp.ru/upload/files/2025/khamovniki/7/14_-_Very_First_Inequality_(Sequel).pdf,14_-_Very_First_Inequality_(Sequel).pdf,14_-_Very_First_Inequality_(Sequel).txt
https://math.mosolymp.ru/upload/files/2025/khamovniki/7/15_-_Geometry_Light.pdf,15_-_Geometry_Light.pdf,15_-_Geometry_Light.txt
https://math.mosolymp.ru/upload/files/2025/khamovniki/7/16_-_The_Easiest_Extra_Constructions_in_Geometry.pdf,16_-_The_Easiest_Extra_Constructions_in_Geometry.pdf,16_-_The_Easiest_Extra_Constructions_in_Geometry.txt
https://math.mosolymp.ru/upload/files/2025/khamovniki/7/17_-_Entering_Power_2.pdf,17_-_Entering_Power_2.pdf,17_-_Entering_Power_2.txt
https://math.mosolymp.ru/upload/files/2025/khamovniki/7/18_-_Imaginary_Contradictions.pdf,18_-_Imaginary_Contradictions.pdf,18_-_Imaginary_Contradictions.txt
https://math.mosolymp.ru/upload/files/2025/khamovniki/7/19_-_Different_Problems_From_Kolmogorov_Cup.pdf,19_-_Different_Problems_From_Kolmogorov_Cup.pdf,19_-_Different_Problems_From_Kolmogorov_Cup.txt
https://math.mosolymp.ru/upload/files/2025/khamovniki/7/20_-_Modular_Comparison_(Sirius).pdf,20_-_Modular_Comparison_(Sirius).pdf,20_-_Modular_Comparison_(Sirius).txt
https://math.mosolymp.ru/upload/files/2025/khamovniki/7/21_-_Modular_Comparison_(Sirius)_-_2.pdf,21_-_Modular_Comparison_(Sirius)_-_2.pdf,21_-_Modular_Comparison_(Sirius)_-_2.txt
https://math.mosolymp.ru/upload/files/2025/khamovniki/7/22_-_Bipartite_Graphs.pdf,22_-_Bipartite_Graphs.pdf,22_-_Bipartite_Graphs.txt
https://math.mosolymp.ru/upload/files/2025/khamovniki/7/23_-_Percents.pdf,23_-_Percents.pdf,23_-_Percents.txt
https://math.mosolymp.ru/upload/files/2025/khamovniki/7/24_-_Interesting_Weighings.pdf,24_-_Interesting_Weighings.pdf,24_-_Interesting_Weighings.txt
https://math.mosolymp.ru/upload/files/2025/khamovniki/7/25_-_Composing_Equations_in_Integers.pdf,25_-_Composing_Equations_in_Integers.pdf,25_-_Composing_Equations_in_Integers.txt
https://math.mosolymp.ru/upload/files/2025/khamovniki/7/26_-_Cheese_Pieces.pdf,26_-_Cheese_Pieces.pdf,26_-_Cheese_Pieces.txt
https://math.mosolymp.ru/upload/files/2025/khamovniki/7/27_-_Action_Algorithms.pdf,27_-_Action_Algorithms.pdf,27_-_Action_Algorithms.txt
https://math.mosolymp.ru/upload/files/2025/khamovniki/7/28_-_Colorings.pdf,28_-_Colorings.pdf,28_-_Colorings.txt
https://math.mosolymp.ru/upload/files/2025/khamovniki/7/29_-_Training_Olympiad.pdf,29_-_Training_Olympiad.pdf,29_-_Training_Olympiad.txt
https://math.mosolymp.ru/upload/files/2025/khamovniki/7/30_-_Colorings_(Sequel).pdf,30_-_Colorings_(Sequel).pdf,30_-_Colorings_(Sequel).txt
https://math.mosolymp.ru/upload/files/2025/khamovniki/7/31_-_Integer_Equations.pdf,31_-_Integer_Equations.pdf,31_-_Integer_Equations.txt
https://math.mosolymp.ru/upload/files/2025/khamovniki/7/32_-_Invariants_and_Reminders.pdf,32_-_Invariants_and_Reminders.pdf,32_-_Invariants_and_Reminders.txt
https://math.mosolymp.ru/upload/files/2025/khamovniki/7/33_-_Interger_Equations_and_Reminders.pdf,33_-_Interger_Equations_and_Reminders.pdf,33_-_Interger_Equations_and_Reminders.txt
https://math.mosolymp.ru/upload/files/2025/khamovniki/7/34_-_Smart_Cutting.pdf,34_-_Smart_Cutting.pdf,34_-_Smart_Cutting.txt
https://math.mosolymp.ru/upload/files/2025/khamovniki/7/35_-_Correspondence.pdf,35_-_Correspondence.pdf,35_-_Correspondence.txt
https://math.mosolymp.ru/upload/files/2025/khamovniki/7/36_-_Different_Problems_From_EMT-2025.pdf,36_-_Different_Problems_From_EMT-2025.pdf,36_-_Different_Problems_From_EMT-2025.txt
https://math.mosolymp.ru/upload/files/2025/khamovniki/7/37_-_Geometric_Inequalities.pdf,37_-_Geometric_Inequalities.pdf,37_-_Geometric_Inequalities.txt
https://math.mosolymp.ru/upload/files/2025/khamovniki/7/38_-_Geometric_Inequalities_(Sequel).pdf,38_-_Geometric_Inequalities_(Sequel).pdf,38_-_Geometric_Inequalities_(Sequel).txt
https://math.mosolymp.ru/upload/files/2025/khamovniki/7/39_-_Combinatorial_Geometry_and_Inequalities.pdf,39_-_Combinatorial_Geometry_and_Inequalities.pdf,39_-_Combinatorial_Geometry_and_Inequalities.txt
https://math.mosolymp.ru/upload/files/2025/khamovniki/7/40_-_Convex_Hull_(2).pdf,40_-_Convex_Hull_(2).pdf,40_-_Convex_Hull_(2).txt
https://math.mosolymp.ru/upload/files/2025/khamovniki/7/41_-_Sum_and_Difference_of_n-Powers.pdf,41_-_Sum_and_Difference_of_n-Powers.pdf,41_-_Sum_and_Difference_of_n-Powers.txt
https://math.mosolymp.ru/upload/files/2025/khamovniki/7/42_-_Inqualities_and_Estimates.pdf,42_-_Inqualities_and_Estimates.pdf,42_-_Inqualities_and_Estimates.txt
https://math.mosolymp.ru/upload/files/2025/khamovniki/7/43_-_Even_More_Inequalities.pdf,43_-_Even_More_Inequalities.pdf,43_-_Even_More_Inequalities.txt
https://math.mosolymp.ru/upload/files/2025/khamovniki/7/44_-_Estimate_Plus_Example_on_the_Checkered_Board.pdf,44_-_Estimate_Plus_Example_on_the_Checkered_Board.pdf,44_-_Estimate_Plus_Example_on_the_Checkered_Board.txt
https://math.mosolymp.ru/upload/files/2025/khamovniki/7/45_-_Winning_and_Losimg_Positions.pdf,45_-_Winning_and_Losimg_Positions.pdf,45_-_Winning_and_Losimg_Positions.txt
https://math.mosolymp.ru/upload/files/2025/khamovniki/7/46_-_Convergence_Games.pdf,46_-_Convergence_Games.pdf,46_-_Convergence_Games.txt
https://math.mosolymp.ru/upload/files/2025/khamovniki/7/47_-_Algebraic_Transformations.pdf,47_-_Algebraic_Transformations.pdf,47_-_Algebraic_Transformations.txt
https://math.mosolymp.ru/upload/files/2025/khamovniki/7/48_-_Inversions_and_Transpositions.pdf,48_-_Inversions_and_Transpositions.pdf,48_-_Inversions_and_Transpositions.txt
https://math.mosolymp.ru/upload/files/2025/khamovniki/7/49_-_Semi-Invariants.pdf,49_-_Semi-Invariants.pdf,49_-_Semi-Invariants.txt
https://math.mosolymp.ru/upload/files/2025/khamovniki/7/50_-_Cooperative_Strategies.pdf,50_-_Cooperative_Strategies.pdf,50_-_Cooperative_Strategies.txt
https://math.mosolymp.ru/upload/files/2025/khamovniki/7/51_-_Comparings.pdf,51_-_Comparings.pdf,51_-_Comparings.txt
https://math.mosolymp.ru/upload/files/2025/khamovniki/7/52_-_Comparings_(Sequel).pdf,52_-_Comparings_(Sequel).pdf,52_-_Comparings_(Sequel).txt
https://math.mosolymp.ru/upload/files/2025/khamovniki/7/53_-_Function_Graphs.pdf,53_-_Function_Graphs.pdf,53_-_Function_Graphs.txt
https://math.mosolymp.ru/upload/files/2025/khamovniki/7/54_-_Function_Examles.pdf,54_-_Function_Examles.pdf,54_-_Function_Examles.txt
https://math.mosolymp.ru/upload/files/2025/khamovniki/7/55_-_Geometry_with_Numbers.pdf,55_-_Geometry_with_Numbers.pdf,55_-_Geometry_with_Numbers.txt
https://math.mosolymp.ru/upload/files/training/documents/Oprosnyii%CC%86_list.pdf,Oprosnyii%CC%86_list.pdf,Oprosnyii%CC%86_list.txt
https://math.mosolymp.ru/upload/files/training/documents/Oprosnyii%CC%86_list.pdf,Oprosnyii%CC%86_list.pdf,Oprosnyii%CC%86_list.txt
https://math.mosolymp.ru/upload/files/training/documents/Oprosnyii%CC%86_list.pdf,Oprosnyii%CC%86_list.pdf,Oprosnyii%CC%86_list.txt
